condition,nonrest_delta,nonrest_theta,nonrest_alpha,nonrest_beta,nonrest_low_gamma,nonrest_tbr
baseline,54.43393778007043,11.063189036786184,2.812712121959211,4.6376545197596615,0.7557093690697265,2.411957980591318
medication,42.61172023073699,10.092778418597689,2.4286727922446145,5.508960561387965,1.1419420731939292,2.042890933211429
meditation,50.262050642913174,10.141291878128097,2.490092790055507,5.483416949548395,0.9859481337585473,1.470720077252739
