condition,delta,theta,alpha,beta,low_gamma,tbr
baseline,28.752113372813913,6.272964736866527,0.27917926538056914,-0.7328931961858709,-0.438714337034495,1.1981243696036639
medication,-3.174681033255034,-0.6436695468274252,-0.11883733085908821,1.3156491914678847,0.16095444541701864,-0.9838034657537844
meditation,41.95474770377817,7.25917153450488,0.6190557154146501,0.22194122086185875,-0.42418418432651295,0.7913484378642288
