day,delta,theta,alpha,beta,low_gamma,tbr,total_power_0p5_40
1,88.41219526759127,20.406784046746886,5.143380933050336,6.128952394758269,0.8712348573366481,3.329571308825894,120.9625474994834
2,88.41219526759127,20.406784046746886,5.143380933050336,6.128952394758269,0.8712348573366481,3.329571308825894,120.9625474994834
3,41.29179432701152,11.894041495731871,1.7585631425224246,2.6499832124841225,0.3086310088742753,4.4883459788344355,57.90301318662422
4,26.800794065257783,7.370097691014584,1.621112248919672,2.7800045397880018,0.5167920223529819,2.651109948035054,39.088800567333024
5,12.604022564567318,4.8536915317180425,1.5472405621800833,3.7890070509767293,0.8154499245011336,1.280993005929313,23.609411633943306
5,26.12220075099135,6.282624812383707,2.38685174964466,5.300033890303293,0.7730944537017881,1.1853933281215652,40.8648056570248
7,16.444239528202793,5.151225866745438,1.4701323708702092,3.024382384361638,0.471511304304702,1.7032323337753856,26.56149145448478
