day,delta,theta,alpha,beta,low_gamma,tbr,total_power_0p5_40
1,27.77078389573116,6.224570020203469,3.484211526443217,4.580521250777106,0.7874135385721279,1.3589217644492846,42.84750023172708
2,27.77078389573116,6.224570020203469,3.484211526443217,4.580521250777106,0.7874135385721279,1.3589217644492846,42.84750023172708
3,0.976487903582704,0.09835876863020648,0.02432231238851755,0.03260216056181537,0.005174514759564341,3.0169401946141945,1.1369456599228074
4,3.3246421967138433,2.175858978800844,1.052083154728333,1.8339530166262237,0.40322869045480914,1.1864311457681709,8.789766037324055
5,7.386747392671881,1.584076304530511,0.9864003307001119,7.058047679796297,1.655313018225197,0.22443547796722016,18.670584725923998
5,37.193775153413654,4.06362523454263,1.4860391952068506,4.026981632026924,0.7529373530142531,1.00909952064948,47.52335856820431
7,1.9508878259857514,0.8099543184926703,0.10768565361183725,0.12740536592763874,0.01918572380630875,6.357301457402451,3.0151188878242063
