day,delta,theta,alpha,beta,low_gamma,tbr,total_power_0p5_40
1,57.74155529324903,4.214370488795835,2.746313450096732,3.3880647121167686,0.6004180366624329,1.2438872474082152,68.69072198092078
2,57.74155529324903,4.214370488795835,2.746313450096732,3.3880647121167686,0.6004180366624329,1.2438872474082152,68.69072198092078
3,0.25757031795530305,0.05864828510986589,0.02338613090514904,0.026948767144234536,0.0029191857826722646,2.1762882433905033,0.3694726868972247
4,5.693799544057445,2.873069466752454,1.2952556183194393,2.0164213543573513,0.4410657050785114,1.4248358660475122,12.3196116885652
5,0.8892390404892834,0.8733765035698074,1.0933945598349935,2.4063520990960803,0.4621339448768767,0.3629462637233686,5.724496147867043
5,5.791074953949332,2.318553307017053,2.1878314379527577,3.8320723202744467,0.7617026133685787,0.6050390267297988,14.891234632562169
7,0.6172440843075014,0.08512768513433108,0.09457918426213927,0.1153512064975473,0.01788288973249937,0.7379869506275267,0.9301850499340185
