day,delta,theta,alpha,beta,low_gamma,tbr,total_power_0p5_40
1,3.12647874958678,1.8612048157669947,1.791073800724726,3.715093162475375,0.7123719196172359,0.5009846952335564,11.206222448171111
2,3.12647874958678,1.8612048157669947,1.791073800724726,3.715093162475375,0.7123719196172359,0.5009846952335564,11.206222448171111
3,0.5324728146870993,0.061710072167664935,0.023741433312619478,0.028609409740753863,0.0038441125114311208,2.156985157221173,0.6503778424195688
4,3.212410490458308,1.0849816396138903,0.7749854751041577,1.8544676695097357,0.2219775821304192,0.5850636586728557,7.148822856816512
5,2.8780733853539835,1.2940753662119717,0.9425480243127542,6.347066951273021,1.7875456381533819,0.20388557047636327,13.24930936530511
5,7.029676650466339,1.903857804167194,1.5903177993708646,5.316465578298076,0.9519798601585027,0.35810592133593067,16.79229769246097
7,0.13783521754307987,0.08081532092540926,0.11035494935625331,0.12401922910903382,0.02682475101413223,0.6516354077185802,0.4798494679479086
