day,delta,theta,alpha,beta,low_gamma,tbr,total_power_0p5_40
1,72.22758840620709,13.115334333266222,2.8661295885014644,3.6568406551091415,0.7011479322506147,3.58652059803103,92.56704091533453
2,72.22758840620709,13.115334333266222,2.8661295885014644,3.6568406551091415,0.7011479322506147,3.58652059803103,92.56704091533453
3,0.47475001063502387,0.1335035083633493,0.021086446959672954,0.031241056309374623,0.003656492710556773,4.2733352880673365,0.6642375149779776
4,6.567873619804307,1.9365582021109358,0.8172906457671982,1.437001632046544,0.24441159846335755,1.3476381368843229,11.003135698192342
5,7.905531296745533,2.922885463527045,0.9565377559302812,4.529788319915332,0.9656501413556963,0.6452587311147638,17.280392977473888
5,19.238049324023258,4.11576891011202,1.6957620185216546,4.455321498143141,0.7294147718780344,0.9237871861385003,30.23431652267811
7,0.8756137247414566,0.33305576655988106,0.04917821004779872,0.10652485805648201,0.014734542779648712,3.1265544271674783,1.3791071021852674
